{"cameraMode":{"drawMode":0,"name":"Shaded","section":"Shading Mode"},"sceneLighting":false,"audioPlay":false,"sceneViewState":{"m_AlwaysRefresh":false,"showFog":true,"showSkybox":false,"showFlares":true,"showImageEffects":true,"showParticleSystems":true,"showVisualEffectGraphs":true,"m_FxEnabled":true},"in2DMode":false,"pivot":{"x":-1.0786510705947877,"y":1.5405056476593018,"z":0.28508520126342776},"rotation":{"x":-0.014492851682007313,"y":0.9634119868278503,"z":-0.2622905671596527,"w":-0.05323353409767151},"size":0.9116162657737732,"orthographic":false}