{"cameraMode":{"drawMode":0,"name":"Shaded","section":"Shading Mode"},"sceneLighting":true,"audioPlay":false,"sceneViewState":{"m_AlwaysRefresh":false,"showFog":true,"showSkybox":true,"showFlares":true,"showImageEffects":true,"showParticleSystems":true,"showVisualEffectGraphs":true,"m_FxEnabled":true},"in2DMode":false,"pivot":{"x":39.72598648071289,"y":-12.818550109863282,"z":-29.330474853515626},"rotation":{"x":0.44116514921188357,"y":0.004038588143885136,"z":-0.001984720816835761,"w":0.8974231481552124},"size":53.23139190673828,"orthographic":false}